Round,EventName,Location,QualifyingUtc,RaceUtc
1,Australian Grand Prix,Melbourne,2026-03-07 05:00:00,2026-03-08 04:00:00
2,Chinese Grand Prix,Shanghai,2026-03-14 07:00:00,2026-03-15 07:00:00
3,Japanese Grand Prix,Suzuka,2026-03-28 06:00:00,2026-03-29 05:00:00
4,Miami Grand Prix,Miami Gardens,2026-05-02 20:00:00,2026-05-03 17:00:00
5,Canadian Grand Prix,Montréal,2026-05-23 20:00:00,2026-05-24 20:00:00
6,Monaco Grand Prix,Monte Carlo,2026-06-06 14:00:00,2026-06-07 13:00:00
7,Barcelona Grand Prix,Barcelona,2026-06-13 14:00:00,2026-06-14 13:00:00
8,Austrian Grand Prix,Spielberg,2026-06-27 14:00:00,2026-06-28 13:00:00
9,British Grand Prix,Silverstone,2026-07-04 15:00:00,2026-07-05 14:00:00
10,Belgian Grand Prix,Spa-Francorchamps,2026-07-18 14:00:00,2026-07-19 13:00:00
11,Hungarian Grand Prix,Budapest,2026-07-25 14:00:00,2026-07-26 13:00:00
12,Dutch Grand Prix,Zandvoort,2026-08-22 14:00:00,2026-08-23 13:00:00
13,Italian Grand Prix,Monza,2026-09-05 14:00:00,2026-09-06 13:00:00
14,Spanish Grand Prix,Madrid,2026-09-12 14:00:00,2026-09-13 13:00:00
15,Azerbaijan Grand Prix,Baku,2026-09-25 12:00:00,2026-09-26 11:00:00
16,Bahrain Grand Prix,Kuala Lumpur,2026-10-03 08:00:00,2026-10-04 07:00:00
17,Singapore Grand Prix,Marina Bay,2026-10-10 13:00:00,2026-10-11 12:00:00
18,United States Grand Prix,Austin,2026-10-24 21:00:00,2026-10-25 20:00:00
19,Mexico City Grand Prix,Mexico City,2026-10-31 21:00:00,2026-11-01 20:00:00
20,São Paulo Grand Prix,São Paulo,2026-11-07 18:00:00,2026-11-08 17:00:00
21,Las Vegas Grand Prix,Las Vegas,2026-11-21 04:00:00,2026-11-22 04:00:00
22,Qatar Grand Prix,Lusail,2026-11-28 18:00:00,2026-11-29 16:00:00
23,Abu Dhabi Grand Prix,Yas Marina,2026-12-05 14:00:00,2026-12-06 13:00:00
